﻿<?xml version="1.0"?>
<doc>
<assembly>
<name>
REB165
</name>
</assembly>
<members>
<member name="T:REB165.My.Resources.Resources">
<summary>
  Eine stark typisierte Ressourcenklasse zum Suchen von lokalisierten Zeichenfolgen usw.
</summary>
</member>
<member name="P:REB165.My.Resources.Resources.ResourceManager">
<summary>
  Gibt die zwischengespeicherte ResourceManager-Instanz zurück, die von dieser Klasse verwendet wird.
</summary>
</member>
<member name="P:REB165.My.Resources.Resources.Culture">
<summary>
  Überschreibt die CurrentUICulture-Eigenschaft des aktuellen Threads für alle
  Ressourcenzuordnungen, die diese stark typisierte Ressourcenklasse verwenden.
</summary>
</member>
</members>
</doc>
